Routename,WebCode
1,1
2,2
3,3
4,4
5,5
6,6
7,7
8,8
9,9
10,10
11,11
12,12
13,13
14,14
15,15
16,16
17,17
18,18
19,19
20,20
21,21
22,22
23,23
24,24
25,25
26,26
27,27
28,28
29,29
30,30
31,31
32,32
33,33
34,34
35,35
36,36
37,37
38,38
39,39
40,40
41,41
42,42
43,43
44,44
45,45
46,46
47,47
48,48
49,49
50,50
51,51
52,52
53,53
54,54
55,55
56,56
57,57
58,58
59,59
60,60
61,61
62,62
63,63
64,64
65,65
66,66
67,67
68,68
69,69
70,70
71,71
72,72
73,73
74,74
75,75
76,76
77,77
78,78
79,79
80,80
81,81
82,82
83,83
85,85
86,86
87,87
88,88
89,89
90,90
91,91
92,92
93,93
94,94
95,95
96,96
97,97
98,98
99,99
100,100
101,101
102,102
103,103
104,104
105,105
106,106
107,107
108,108
109,109
110,110
111,111
112,112
113,113
114,114
115,115
116,116
117,117
118,118
119,119
120,120
121,121
122,122
123,123
124,124
125,125
126,126
127,127
128,128
129,129
130,T130
131,131
132,132
133,133
134,134
135,135
136,136
137,137
138,138
139,139
140,140
141,141
142,142
143,143
144,144
145,145
146,146
147,147
148,148
149,149
150,150
151,151
152,152
153,153
154,154
155,155
156,156
157,157
158,158
159,159
160,160
161,161
162,162
163,163
164,164
165,165
166,166
167,167
168,168
169,169
170,170
171,171
172,172
173,173
174,174
175,175
176,176
177,177
178,178
179,179
180,180
181,181
182,182
183,183
184,184
185,185
186,186
187,187
188,188
189,189
190,190
191,191
192,192
193,193
194,194
195,195
196,196
197,197
198,198
199,199
200,200
201,201
202,202
203,203
204,204
205,205
206,206
207,207
208,208
209,209
210,210
211,211
212,212
213,213
214,214
215,215
216,216
217,217
219,219
220,220
221,221
222,222
223,223
224,224
225,225
226,226
227,227
228,228
229,229
230,230
231,231
232,232
233,233
234,234
235,235
236,236
237,237
238,238
240,240
241,241
242,242
243,243
244,244
245,245
246,246
247,247
248,248
249,249
250,250
251,251
252,252
253,253
254,254
255,255
256,256
257,257
258,258
259,259
260,260
261,261
262,262
263,263
264,264
265,265
266,266
267,267
268,268
269,269
270,270
271,271
272,272
273,273
274,274
275,275
276,276
277,277
279,279
280,280
281,281
282,282
283,283
284,284
285,285
286,286
287,287
288,288
289,289
290,290
291,291
292,292
293,293
294,294
295,295
296,296
297,297
298,298
299,299
300,300
302,302
303,303
305,305
307,307
308,308
309,309
312,312
313,313
314,T314
315,315
316,316
317,317
318,318
319,319
320,320
321,321
322,322
323,323
324,324
325,325
326,326
327,327
328,328
329,329
330,330
331,331
332,332
333,333
336,336
337,337
339,339
340,340
341,341
343,343
344,344
345,345
346,346
347,347
349,349
350,350
352,352
353,353
354,354
355,355
356,356
357,357
358,358
359,359
360,360
362,362
363,363
364,364
365,365
366,366
367,367
368,368
370,370
371,371
372,372
375,375
376,376
377,377
379,379
380,380
381,381
382,382
383,383
384,384
385,385
386,386
387,387
388,388
389,389
390,390
391,391
393,393
394,394
395,395
396,396
397,397
398,398
399,399
401,401
403,403
404,404
405,405
406,406
407,407
410,410
411,411
412,412
413,413
414,414
415,415
417,417
418,418
419,419
422,422
423,423
424,424
425,425
427,427
428,428
430,430
432,432
434,434
436,436
440,440
444,444
450,450
452,452
453,453
455,455
460,460
462,462
463,463
464,464
465,465
466,466
467,467
468,468
469,469
470,470
472,472
473,473
474,474
476,476
481,481
482,482
484,484
485,485
486,486
487,487
488,488
490,490
491,491
492,492
493,493
496,496
498,498
499,499
507,507
521,521
528,528
541,541
549,549
560,560
601,601
602,602
603,603
605,605
606,606
607,607
608,608
609,609
611,611
612,612
613,613
616,616
617,617
621,621
624,624
625,625
626,626
627,627
628,628
629,629
631,631
632,632
634,634
635,635
636,636
637,637
638,638
639,639
640,640
641,641
642,642
643,643
646,646
647,647
648,648
649,649
650,650
651,651
652,652
653,653
654,654
655,655
656,656
657,657
658,658
660,660
661,661
662,662
663,663
664,664
665,665
667,667
669,669
670,670
671,671
672,672
673,673
674,674
675,675
678,678
679,679
681,681
683,683
685,685
686,686
687,687
688,688
689,689
690,690
691,691
692,692
696,696
697,697
698,698
699,699
931,931
965,965
969,969
A10,A10
B11,B11
B12,B12
B13,B13
B14,B14
B15,B15
B16,B16
C1,C1
C10,C10
C11,C11
C2,C2
C3,C3
D3,D3
D6,D6
D7,D7
D8,D8
DF2,DF2
E1,E1
E10,E10
E11,E11
E2,E2
E3,E3
E5,E5
E6,E6
E7,E7
E8,E8
E9,E9
EL1,EL1
EL2,EL2
G1,G1
H1,H1
H10,H10
H11,H11
H12,H12
H13,H13
H14,H14
H17,H17
H18,H18
H19,H19
H2,H2
H20,H20
H22,H22
H25,H25
H26,H26
H28,H28
H3,H3
H32,H32
H37,H37
H9,H9
H91,H91
H98,H98
K1,K1
K2,K2
K3,K3
K4,K4
K5,K5
K50,K50
LR1,LR1
LR2,LR2
N1,N1
N109,N109
N11,N11
N113,N113
N13,N13
N133,N133
N136,N136
N137,N137
N15,N15
N155,N155
N16,N16
N171,N171
N18,N18
N19,N19
N2,N2
N20,N20
N205,N205
N207,N207
N21,N21
N22,N22
N253,N253
N26,N26
N279,N279
N28,N28
N29,N29
N3,N3
N31,N31
N343,N343
N35,N35
N38,N38
N381,N381
N41,N41
N44,N44
N47,N47
N5,N5
N55,N55
N550,N550
N551,N551
N63,N63
N64,N64
N68,N68
N7,N7
N73,N73
N74,N74
N76,N76
N8,N8
N86,N86
N87,N87
N89,N89
N9,N9
N91,N91
N97,N97
N98,N98
P12,P12
P13,P13
P4,P4
P5,P5
R1,R1
R10,R10
R11,R11
R2,R2
R3,R3
R4,R4
R5,R5
R6,R6
R68,R68
R7,R7
R70,R70
R8,R8
R9,R9
RV1,RV1
S1,S1
S3,S3
S4,S4
T31,T31
T32,T32
T33,T33
U1,U1
U10,U10
U2,U2
U3,U3
U4,U4
U5,U5
U7,U7
U9,U9
UL1,UL1
UL2,UL2
UL3,UL3
UL4,UL4
W10,W10
W11,W11
W12,W12
W13,W13
W14,W14
W15,W15
W16,W16
W19,W19
W3,W3
W4,W4
W5,W5
W6,W6
W7,W7
W8,W8
W9,W9
X26,X26
X68,X68
